{
  "monthly_costs": {
    "2025-05": 0.034155000000000005
  },
  "daily_costs": {
    "2025-05-31": 0.034155000000000005
  },
  "model_usage": {}
}